Workbook

Sheet Hoja1
C2: CLIENTES | J2: COLOCACIÓN | P2: OPERACIONES | X2: MORA | AE2: CASTIGO
B4: Región | C4: Meta | D4: Clientes | E4: Clientes Hoy | F4: Acum. | G4: % Logro vs meta | H4: Produntividad x Prom | J4: Meta | K4: Colocación | L4: Colocación Hoy | M4: Acum. | N4: % Logro vs meta | P4: Meta | Q4: Ope. | R4: Ope. Hoy | S4: Acum. | T4: % Logro vs meta | U4: ACT/ PRODUC | V4: Produntividad x Prom | X4: Cartera | Y4: Etapa 1-90D | Z4: Pre-Pago del día | AA4: Recuperación Hoy | AB4: Acum. | AC4: % Etapa 1a90D | AE4: Castigo | AF4: 90 días hoy | AG4: Recuperación Hoy | AH4: Acum. | AI4: % Castigo
B5: R03 REGIÓN OCCIDENTE I | C5: ='region occidente 1 '!B12 -> 352 | D5: ='region occidente 1 '!C12 -> -124 | E5: ='region occidente 1 '!D12 -> 32 | F5: =+D5+E5 -> -92 | G5: =+F5/C5 -> -0.26136364 | H5: =+F5/U5 -> -1.1794872 | J5: ='region occidente 1 '!I12 -> 24021196 | K5: ='region occidente 1 '!J12 -> 9085260.4 | L5: ='region occidente 1 '!K12 -> 1246000 | M5: =+K5+L5 -> 10331260 | N5: =+M5/J5 -> 0.43008934 | P5: ='region occidente 1 '!O12 -> 1628 | Q5: ='region occidente 1 '!P12 -> 489 | R5: ='region occidente 1 '!Q12 -> 71 | S5: ='region occidente 1 '!R12 -> 560 | T5: ='region occidente 1 '!S12 -> 0.68585543 | U5: ='region occidente 1 '!T12 -> 78 | V5: =+Q5/U5 -> 6.2692308 | X5: ='region occidente 1 '!W12 -> 2.5244417e+08 | Y5: ='region occidente 1 '!X12 -> 42228512 | Z5: ='region occidente 1 '!Y12 -> 13002344 | AA5: ='region occidente 1 '!Z12 -> 11710886 | AB5: =+Y5+Z5-AA5 -> 43519970 | AC5: =+AB5/X5 -> 0.17239444 | AE5: ='region occidente 1 '!AD12 -> 844749.1 | AF5: ='region occidente 1 '!AE12 -> 10263.92 | AG5: ='region occidente 1 '!AF12 -> 18971 | AH5: =+AE5+AF5-AG5 -> 836042.02 | AI5: =+AH5/X5 -> 0.0033117898
B6: R09 REGIÓN OCCIDENTE II
B7: R12 REGIÓN HUEHUETENANGO
B8: R15 REGIÓN QUICHE
B9: R19 REGIÓN FRONTERA
B10: R22 REGIÓN OCCIDENTE
B12: D02 DISTRITO OCCIDENTE | C12: =SUM(C5:C10) -> 352 | D12: =SUM(D5:D10) -> -124 | E12: =SUM(E5:E10) -> 32 | F12: =SUM(F5:F10) -> -92 | G12: =+F12/C12 -> -0.26136364 | H12: =+F12/U12 -> -1.1794872 | I12: =SUM(I5:I10) -> 0 | J12: =SUM(J5:J10) -> 24021196 | K12: =SUM(K5:K10) -> 9085260.4 | L12: =SUM(L5:L10) -> 1246000 | M12: =SUM(M5:M10) -> 10331260 | N12: =+M12/J12 -> 0.43008934 | O12: =SUM(O5:O10) -> 0 | P12: =SUM(P5:P10) -> 1628 | Q12: =SUM(Q5:Q10) -> 489 | R12: =SUM(R5:R10) -> 71 | S12: =SUM(S5:S11) -> 560 | T12: =+S12/P12 -> 0.34398034 | U12: =SUM(U5:U10) -> 78 | V12: =+U12/Q12 -> 0.1595092 | X12: =SUM(X5:X10) -> 2.5244417e+08 | Y12: =SUM(Y5:Y10) -> 42228512 | Z12: =SUM(Z5:Z10) -> 13002344 | AA12: =SUM(AA5:AA10) -> 11710886 | AB12: =SUM(AB5:AB10) -> 43519970 | AC12: =+AB12/X12 -> 0.17239444 | AD12: =SUM(AD5:AD10) -> 0 | AE12: =SUM(AE5:AE10) -> 844749.1 | AF12: =SUM(AF5:AF10) -> 10263.92 | AG12: =SUM(AG5:AG10) -> 18971 | AH12: =SUM(AH5:AH10) -> 836042.02 | AI12: =+AH12/X12 -> 0.0033117898

Sheet region occidente 1 
B2: CLIENTES | I2: COLOCACIÓN | O2: OPERACIONES | W2: MORA | AD2: CASTIGO
A4: Región | B4: Meta | C4: Clientes | D4: Clientes Hoy | E4: Acum. | F4: % Logro vs meta | G4: Produntividad x Prom | I4: Meta | J4: Colocación | K4: Colocación Hoy | L4: Acum. | M4: % Logro vs meta | O4: Meta | P4: Ope. | Q4: Ope. Hoy | R4: Acum. | S4: % Logro vs meta | T4: ACT/ PRODUC | U4: Produntividad x Prom | W4: Cartera | X4: Etapa 1-90D | Y4: Pre-Pago del día | Z4: Recuperación Hoy | AA4: Acum. | AB4: % Etapa 1a90D | AD4: Castigo, LO QUE YA CAYO A CASTIGO | AE4: 90 días hoy | AF4: Recuperación Hoy | AG4: Acum. | AH4: % Castigo
A5: 043 - QUETZALTENANGO | B5: 44 | C5: -36 | D5: 7 | E5: =+C5+D5 -> -29 | F5: =C5/B5 -> -0.81818182 | G5: =E5/T5 -> -2.6363636 | I5: 2429367 | J5: 850822.26 | K5: 180000 | L5: =+J5+K5 -> 1030822.3 | M5: =L5/I5 -> 0.42431722 | O5: 221 | P5: 54 | Q5: 12 | R5: =+P5+Q5 -> 66 | S5: =R5/O5 -> 0.29864253 | T5: 11 | U5: =R5/T5 -> 6 | W5: 20917362 | X5: 2618965.3 | Y5: 3166084.4 | Z5: 2150371 | AA5: =+X5+Y5-Z5 -> 3634678.7 | AB5: =AA5/W5 -> 0.17376372 | AD5: 187306.6 | AE5: 0 | AF5: 12615 | AG5: =+AD5+AE5-AF5 -> 174691.6 | AH5: =AG5/W5 -> 0.0083515122
A6: 046 - SAN PEDRO SAC | B6: 66 | C6: -40 | D6: 5 | E6: =+C6+D6 -> -35 | F6: =C6/B6 -> -0.60606061 | G6: =E6/T6 -> -2.3333333 | I6: 4999490 | J6: 2086985 | K6: 200000 | L6: =+J6+K6 -> 2286985 | M6: =L6/I6 -> 0.45744366 | O6: 315 | P6: 116 | Q6: 10 | R6: =+P6+Q6 -> 126 | S6: =R6/O6 -> 0.4 | T6: 15 | U6: =R6/T6 -> 8.4 | W6: 52931148 | X6: 9060914.3 | Y6: 2770753.7 | Z6: 2938810 | AA6: =+X6+Y6-Z6 -> 8892858 | AB6: =AA6/W6 -> 0.16800803 | AD6: 116276 | AE6: 0 | AF6: 0 | AG6: =+AD6+AE6-AF6 -> 116276 | AH6: =AG6/W6 -> 0.0021967406
A7: 056 - TEJUTLA | B7: 105 | C7: -28 | D7: 8 | E7: =+C7+D7 -> -20 | F7: =C7/B7 -> -0.26666667 | G7: =E7/T7 -> -0.95238095 | I7: 7017216 | J7: 2655261 | K7: 340000 | L7: =+J7+K7 -> 2995261 | M7: =L7/I7 -> 0.42684463 | O7: 441 | P7: 155 | Q7: 22 | R7: =+P7+Q7 -> 177 | S7: =R7/O7 -> 0.40136054 | T7: 21 | U7: =R7/T7 -> 8.4285714 | W7: 87330826 | X7: 14586412 | Y7: 2916244.8 | Z7: 1493832 | AA7: =+X7+Y7-Z7 -> 16008825 | AB7: =AA7/W7 -> 0.18331241 | AD7: 231902 | AE7: 0 | AF7: 0 | AG7: =+AD7+AE7-AF7 -> 231902 | AH7: =AG7/W7 -> 0.0026554426
A8: 089 - SAN JUAN OSTUNCALCO | B8: 53 | C8: -14 | D8: 5 | E8: =+C8+D8 -> -9 | F8: =C8/B8 -> -0.26415094 | G8: =E8/T8 -> -0.75 | I8: 3762611 | J8: 1363868.6 | K8: 216000 | L8: =+J8+K8 -> 1579868.6 | M8: =L8/I8 -> 0.41988623 | O8: 252 | P8: 56 | Q8: 12 | R8: =+P8+Q8 -> 68 | S8: =R8/O8 -> 0.26984127 | T8: 12 | U8: =R8/T8 -> 5.6666667 | W8: 34305709 | X8: 5182147.7 | Y8: 1950000 | Z8: 1913000 | AA8: =+X8+Y8-Z8 -> 5219147.7 | AB8: =AA8/W8 -> 0.15213642 | AD8: 139958 | AE8: 0 | AF8: 0 | AG8: =+AD8+AE8-AF8 -> 139958 | AH8: =AG8/W8 -> 0.0040797291
A9: 097 - TACANÁ | B9: 33 | C9: 7 | D9: 3 | E9: =+C9+D9 -> 10 | F9: =C9/B9 -> 0.21212121 | G9: =E9/T9 -> 1.25 | I9: 2263504 | J9: 575881 | K9: 110000 | L9: =+J9+K9 -> 685881 | M9: =L9/I9 -> 0.30301736 | O9: 168 | P9: 38 | Q9: 7 | R9: =+P9+Q9 -> 45 | S9: =R9/O9 -> 0.26785714 | T9: 8 | U9: =R9/T9 -> 5.625 | W9: 19849405 | X9: 3053759 | Y9: 15851.41 | Z9: 756848.96 | AA9: =+X9+Y9-Z9 -> 2312761.5 | AB9: =AA9/W9 -> 0.11651541 | AD9: 45264.31 | AE9: 0 | AF9: 0 | AG9: =+AD9+AE9-AF9 -> 45264.31 | AH9: =AG9/W9 -> 0.0022803863
A10: 099 - SAN MARCOS | B10: 51 | C10: -13 | D10: 4 | E10: =+C10+D10 -> -9 | F10: =C10/B10 -> -0.25490196 | G10: =E10/T10 -> -0.81818182 | I10: 3549008 | J10: 1552442.6 | K10: 200000 | L10: =+J10+K10 -> 1752442.6 | M10: =L10/I10 -> 0.49378378 | O10: 231 | P10: 70 | Q10: 8 | R10: =+P10+Q10 -> 78 | S10: =R10/O10 -> 0.33766234 | T10: 11 | U10: =R10/T10 -> 7.0909091 | W10: 37109719 | X10: 7726313.7 | Y10: 2183409.9 | Z10: 2458023.7 | AA10: =+X10+Y10-Z10 -> 7451699.8 | AB10: =AA10/W10 -> 0.20080184 | AD10: 124042.19 | AE10: 10263.92 | AF10: 6356 | AG10: =+AD10+AE10-AF10 -> 127950.11 | AH10: =AG10/W10 -> 0.0034478868
A12: D02 DISTRITO OCCIDENTE | B12: =SUM(B5:B10) -> 352 | C12: =SUM(C5:C10) -> -124 | D12: =SUM(D5:D10) -> 32 | E12: =SUM(E5:E10) -> -92 | F12: =C12/B12 -> -0.35227273 | G12: =E12/T12 -> -1.1794872 | H12: 0 | I12: =SUM(I5:I10) -> 24021196 | J12: =SUM(J5:J10) -> 9085260.4 | K12: =SUM(K5:K10) -> 1246000 | L12: =SUM(L5:L10) -> 10331260 | M12: =L12/I12 -> 0.43008934 | N12: 0 | O12: =SUM(O5:O10) -> 1628 | P12: =SUM(P5:P10) -> 489 | Q12: =SUM(Q5:Q10) -> 71 | R12: =SUM(R5:R10) -> 560 | S12: 0.68585543 | T12: =SUM(T5:T10) -> 78 | U12: =R12/T12 -> 7.1794872 | W12: =SUM(W5:W11) -> 2.5244417e+08 | X12: =SUM(X5:X10) -> 42228512 | Y12: =SUM(Y5:Y10) -> 13002344 | Z12: =SUM(Z5:Z10) -> 11710886 | AA12: =SUM(AA5:AA10) -> 43519970 | AB12: =AA12/W12 -> 0.17239444 | AC12: 0 | AD12: =SUM(AD5:AD10) -> 844749.1 | AE12: =SUM(AE5:AE10) -> 10263.92 | AF12: =SUM(AF5:AF10) -> 18971 | AG12: =SUM(AG5:AG10) -> 836042.02 | AH12: =AG12/W12 -> 0.0033117898
